Workbook

Sheet Entrada
A1: Data | B1: SKU | C1: Produto | D1: Quantidade
A2: 45722 | B2: 2085A | C2: Notebook Ultrafino | D2: 30
A3: 45728 | B3: 1679C | C3: Notebook Ultrafino | D3: 57
A4: 45678 | B4: 7824D | C4: Headset Gamer | D4: 20
A5: 45667 | B5: 2580D | C5: Headset Gamer | D5: 19
A6: 45708 | B6: 9491C | C6: Headset Gamer | D6: 127
A7: 45692 | B7: 3443C | C7: Notebook Ultrafino | D7: 114
A8: 45718 | B8: 8046A | C8: Hub USB 3.0 | D8: 46
A9: 45732 | B9: 5470C | C9: Headset Gamer | D9: 60
A10: 45683 | B10: 6656A | C10: Carregador USB-C | D10: 2
A11: 45673 | B11: 7435B | C11: Carregador USB-C | D11: 75
A12: 45677 | B12: 4177B | C12: Hub USB 3.0 | D12: 3
A13: 45661 | B13: 2443D | C13: Power Bank 10000mAh | D13: 113
... A501: 45726 | B501: 8046A | C501: Hub USB 3.0 | D501: 2

Sheet Saida
A1: Data | B1: SKU | C1: Produto | D1: Quantidade
A2: 45677 | B2: 1466B | C2: Controle Xbox | D2: 18 | E2: =IF(F2<=0,"Obsoleto",IF(F2<=20,"Crítico",IF(F2<=100,"OK","Excesso"))) -> Obsoleto | F2: 0
A3: 45705 | B3: 4528D | C3: Cooler para CPU | D3: 40
A4: 45710 | B4: 6321A | C4: Fonte 500W | D4: 61
A5: 45664 | B5: 9161D | C5: Pendrive 64GB | D5: 62
A6: 45663 | B6: 7568D | C6: Controle Xbox | D6: 70
A7: 45685 | B7: 7928A | C7: Headset Gamer | D7: 69
A8: 45680 | B8: 1751D | C8: Teclado Mecânico | D8: 54
A9: 45675 | B9: 1256C | C9: Fonte 500W | D9: 47
A10: 45726 | B10: 3657A | C10: Cadeira Gamer | D10: 28
A11: 45734 | B11: 6656A | C11: Carregador USB-C | D11: 68
A12: 45728 | B12: 1675A | C12: HD Externo 1TB | D12: 1
A13: 45706 | B13: 5337A | C13: HD Externo 1TB | D13: 47
A14: 45658 | B14: 1797D | C14: Cabo HDMI | D14: 76
... A501: 45660 | B501: 3059A | C501: Suporte Monitor | D501: 34

Sheet Cadastro
A1: SKU | B1: Produto | C1: Descrição | D1: Categoria | E1: Preço | F1: Entrada | G1: Saída | H1: Saldo atual | I1: Valor em estoque
A2: 3975C | B2: Webcam Full HD | C2: Notebook com tela fina e processador rápido | D2: Componentes | E2: 976.36 | F2: =SUMIFS(Entrada!D:D,Entrada!B:B,A2) -> 233 | G2: =SUMIFS(Saida!D:D,Saida!B:B,A2) -> 227 | H2: =F2-G2 -> 6 | I2: =H2*E2 -> 5858.16
A3: 5827A | B3: Controle Xbox | C3: Hub com múltiplas portas USB 3.0 | D3: Redes | E3: 652.17 | F3: =SUMIFS(Entrada!D:D,Entrada!B:B,A3) -> 347 | G3: =SUMIFS(Saida!D:D,Saida!B:B,A3) -> 89 | H3: =F3-G3 -> 258 | I3: =H3*E3 -> 168259.86
A4: 3633A | B4: Cooler para CPU | C4: Placa de vídeo para jogos e edição gráfica | D4: Periféricos | E4: 523.33 | F4: =SUMIFS(Entrada!D:D,Entrada!B:B,A4) -> 291 | G4: =SUMIFS(Saida!D:D,Saida!B:B,A4) -> 198 | H4: =F4-G4 -> 93 | I4: =H4*E4 -> 48669.69
A5: 9491C | B5: Headset Gamer | C5: Fonte de alimentação estável para PCs | D5: Redes | E5: 101.03 | F5: =SUMIFS(Entrada!D:D,Entrada!B:B,A5) -> 266 | G5: =SUMIFS(Saida!D:D,Saida!B:B,A5) -> 180 | H5: =F5-G5 -> 86 | I5: =H5*E5 -> 8688.58
A6: 5712D | B6: Webcam Full HD | C6: Cabo HDMI com suporte a 4K | D6: Acessórios | E6: 389.93 | F6: =SUMIFS(Entrada!D:D,Entrada!B:B,A6) -> 238 | G6: =SUMIFS(Saida!D:D,Saida!B:B,A6) -> 29 | H6: =F6-G6 -> 209 | I6: =H6*E6 -> 81495.37
A7: 7824D | B7: Headset Gamer | C7: Adaptador para conexão Bluetooth em dispositivos | D7: Componentes | E7: 238.68 | F7: =SUMIFS(Entrada!D:D,Entrada!B:B,A7) -> 317 | G7: =SUMIFS(Saida!D:D,Saida!B:B,A7) -> 55 | H7: =F7-G7 -> 262 | I7: =H7*E7 -> 62534.16
A8: 9485C | B8: Notebook Ultrafino | C8: Câmera com microfone embutido para videoconferência | D8: Imagem e Som | E8: 395.54 | F8: =SUMIFS(Entrada!D:D,Entrada!B:B,A8) -> 262 | G8: =SUMIFS(Saida!D:D,Saida!B:B,A8) -> 161 | H8: =F8-G8 -> 101 | I8: =H8*E8 -> 39949.54
A9: 2192C | B9: Cadeira Gamer | C9: Pendrive com alta velocidade de transferência | D9: Acessórios | E9: 97.2 | F9: =SUMIFS(Entrada!D:D,Entrada!B:B,A9) -> 380 | G9: =SUMIFS(Saida!D:D,Saida!B:B,A9) -> 235 | H9: =F9-G9 -> 145 | I9: =H9*E9 -> 14094
A10: 3127C | B10: Power Bank 10000mAh | C10: Adaptador para conexão Bluetooth em dispositivos | D10: Periféricos | E10: 938.68 | F10: =SUMIFS(Entrada!D:D,Entrada!B:B,A10) -> 171 | G10: =SUMIFS(Saida!D:D,Saida!B:B,A10) -> 88 | H10: =F10-G10 -> 83 | I10: =H10*E10 -> 77910.44
A11: 9527D | B11: Fonte 500W | C11: Hub com múltiplas portas USB 3.0 | D11: Hardware | E11: 536.84 | F11: =SUMIFS(Entrada!D:D,Entrada!B:B,A11) -> 376 | G11: =SUMIFS(Saida!D:D,Saida!B:B,A11) -> 57 | H11: =F11-G11 -> 319 | I11: =H11*E11 -> 171251.96
A12: 8828D | B12: Adaptador Bluetooth | C12: Headset com isolamento de ruído e microfone | D12: Hardware | E12: 482.7 | F12: =SUMIFS(Entrada!D:D,Entrada!B:B,A12) -> 657 | G12: =SUMIFS(Saida!D:D,Saida!B:B,A12) -> 338 | H12: =F12-G12 -> 319 | I12: =H12*E12 -> 153981.3
A13: 8679B | B13: Roteador Wi-Fi | C13: Adaptador para conexão Bluetooth em dispositivos | D13: Hardware | E13: 756.15 | F13: =SUMIFS(Entrada!D:D,Entrada!B:B,A13) -> 277 | G13: =SUMIFS(Saida!D:D,Saida!B:B,A13) -> 241 | H13: =F13-G13 -> 36 | I13: =H13*E13 -> 27221.4
... A121: 9150D | B121: Adaptador Bluetooth | C121: Adaptador para conexão Bluetooth em dispositivos | D121: Hardware | E121: 479.4 | F121: =SUMIFS(Entrada!D:D,Entrada!B:B,A121) -> 414 | G121: =SUMIFS(Saida!D:D,Saida!B:B,A121) -> 66 | H121: =F121-G121 -> 348 | I121: =H121*E121 -> 166831.2

Sheet Estoque
A1: SKU | B1: Categoria | C1: Preço | D1: Entrada | E1: Saída | F1: Saldo atual | G1: Valor em estoque | H1: Status
A2: 3975C | B2: Componentes | C2: 976.36 | D2: =SUMIFS(Entrada!D:D,Entrada!B:B,A2) -> 233 | E2: =SUMIFS(Saida!D:D,Saida!B:B,A2) -> 227 | F2: =D2-E2 -> 6 | G2: =F2*C2 -> 5858.16 | H2: =IFS(F2=0,"obsoleto",F2<0,"estoque negativo",F2<=20,"crítico",F2<=100,"ok",F2>100,"excesso") -> crítico | I2: =IFS(F2<0,"Estoque Negativo", F2=0,"Obsoleto", F2<=20,"Crítico", F2>=100,"Excesso", F2<=100,"OK") -> Crítico | J2: =H2=I2 -> TRUE
A3: 5827A | B3: Redes | C3: 652.17 | D3: =SUMIFS(Entrada!D:D,Entrada!B:B,A3) -> 347 | E3: =SUMIFS(Saida!D:D,Saida!B:B,A3) -> 89 | F3: =D3-E3 -> 258 | G3: =F3*C3 -> 168259.86 | H3: =IFS(F3=0,"obsoleto",F3<0,"estoque negativo",F3<=20,"crítico",F3<=100,"ok",F3>100,"excesso") -> excesso | I3: =IFS(F3<0,"Estoque Negativo", F3=0,"Obsoleto", F3<=20,"Crítico", F3>=100,"Excesso", F3<=100,"OK") -> Excesso | J3: =H3=I3 -> TRUE
A4: 3633A | B4: Periféricos | C4: 523.33 | D4: =SUMIFS(Entrada!D:D,Entrada!B:B,A4) -> 291 | E4: =SUMIFS(Saida!D:D,Saida!B:B,A4) -> 198 | F4: =D4-E4 -> 93 | G4: =F4*C4 -> 48669.69 | H4: =IFS(F4=0,"obsoleto",F4<0,"estoque negativo",F4<=20,"crítico",F4<=100,"ok",F4>100,"excesso") -> ok | I4: =IFS(F4<0,"Estoque Negativo", F4=0,"Obsoleto", F4<=20,"Crítico", F4>=100,"Excesso", F4<=100,"OK") -> OK | J4: =H4=I4 -> TRUE
A5: 9491C | B5: Redes | C5: 101.03 | D5: =SUMIFS(Entrada!D:D,Entrada!B:B,A5) -> 266 | E5: =SUMIFS(Saida!D:D,Saida!B:B,A5) -> 180 | F5: =D5-E5 -> 86 | G5: =F5*C5 -> 8688.58 | H5: =IFS(F5=0,"obsoleto",F5<0,"estoque negativo",F5<=20,"crítico",F5<=100,"ok",F5>100,"excesso") -> ok | I5: =IFS(F5<0,"Estoque Negativo", F5=0,"Obsoleto", F5<=20,"Crítico", F5>=100,"Excesso", F5<=100,"OK") -> OK | J5: =H5=I5 -> TRUE
A6: 5712D | B6: Acessórios | C6: 389.93 | D6: =SUMIFS(Entrada!D:D,Entrada!B:B,A6) -> 238 | E6: =SUMIFS(Saida!D:D,Saida!B:B,A6) -> 29 | F6: =D6-E6 -> 209 | G6: =F6*C6 -> 81495.37 | H6: =IFS(F6=0,"obsoleto",F6<0,"estoque negativo",F6<=20,"crítico",F6<=100,"ok",F6>100,"excesso") -> excesso | I6: =IFS(F6<0,"Estoque Negativo", F6=0,"Obsoleto", F6<=20,"Crítico", F6>=100,"Excesso", F6<=100,"OK") -> Excesso | J6: =H6=I6 -> TRUE
A7: 7824D | B7: Componentes | C7: 238.68 | D7: =SUMIFS(Entrada!D:D,Entrada!B:B,A7) -> 317 | E7: =SUMIFS(Saida!D:D,Saida!B:B,A7) -> 55 | F7: 100 | G7: =F7*C7 -> 23868 | H7: =IFS(F7=0,"obsoleto",F7<0,"estoque negativo",F7<=20,"crítico",F7<=100,"ok",F7>100,"excesso") -> ok | I7: =IFS(F7<0,"Estoque Negativo", F7=0,"Obsoleto", F7<=20,"Crítico", F7>=100,"Excesso", F7<=100,"OK") -> Excesso | J7: =H7=I7 -> FALSE
A8: 9485C | B8: Imagem e Som | C8: 395.54 | D8: =SUMIFS(Entrada!D:D,Entrada!B:B,A8) -> 262 | E8: =SUMIFS(Saida!D:D,Saida!B:B,A8) -> 161 | F8: =D8-E8 -> 101 | G8: =F8*C8 -> 39949.54 | H8: =IFS(F8=0,"obsoleto",F8<0,"estoque negativo",F8<=20,"crítico",F8<=100,"ok",F8>100,"excesso") -> excesso | I8: =IFS(F8<0,"Estoque Negativo", F8=0,"Obsoleto", F8<=20,"Crítico", F8>=100,"Excesso", F8<=100,"OK") -> Excesso | J8: =H8=I8 -> TRUE
A9: 2192C | B9: Acessórios | C9: 97.2 | D9: =SUMIFS(Entrada!D:D,Entrada!B:B,A9) -> 380 | E9: =SUMIFS(Saida!D:D,Saida!B:B,A9) -> 235 | F9: =D9-E9 -> 145 | G9: =F9*C9 -> 14094 | H9: =IFS(F9=0,"obsoleto",F9<0,"estoque negativo",F9<=20,"crítico",F9<=100,"ok",F9>100,"excesso") -> excesso | I9: =IFS(F9<0,"Estoque Negativo", F9=0,"Obsoleto", F9<=20,"Crítico", F9>=100,"Excesso", F9<=100,"OK") -> Excesso | J9: =H9=I9 -> TRUE
A10: 3127C | B10: Periféricos | C10: 938.68 | D10: =SUMIFS(Entrada!D:D,Entrada!B:B,A10) -> 171 | E10: =SUMIFS(Saida!D:D,Saida!B:B,A10) -> 88 | F10: =D10-E10 -> 83 | G10: =F10*C10 -> 77910.44 | H10: =IFS(F10=0,"obsoleto",F10<0,"estoque negativo",F10<=20,"crítico",F10<=100,"ok",F10>100,"excesso") -> ok | I10: =IFS(F10<0,"Estoque Negativo", F10=0,"Obsoleto", F10<=20,"Crítico", F10>=100,"Excesso", F10<=100,"OK") -> OK | J10: =H10=I10 -> TRUE
A11: 9527D | B11: Hardware | C11: 536.84 | D11: =SUMIFS(Entrada!D:D,Entrada!B:B,A11) -> 376 | E11: =SUMIFS(Saida!D:D,Saida!B:B,A11) -> 57 | F11: =D11-E11 -> 319 | G11: =F11*C11 -> 171251.96 | H11: =IFS(F11=0,"obsoleto",F11<0,"estoque negativo",F11<=20,"crítico",F11<=100,"ok",F11>100,"excesso") -> excesso | I11: =IFS(F11<0,"Estoque Negativo", F11=0,"Obsoleto", F11<=20,"Crítico", F11>=100,"Excesso", F11<=100,"OK") -> Excesso | J11: =H11=I11 -> TRUE
A12: 8828D | B12: Hardware | C12: 482.7 | D12: =SUMIFS(Entrada!D:D,Entrada!B:B,A12) -> 657 | E12: =SUMIFS(Saida!D:D,Saida!B:B,A12) -> 338 | F12: =D12-E12 -> 319 | G12: =F12*C12 -> 153981.3 | H12: =IFS(F12=0,"obsoleto",F12<0,"estoque negativo",F12<=20,"crítico",F12<=100,"ok",F12>100,"excesso") -> excesso | I12: =IFS(F12<0,"Estoque Negativo", F12=0,"Obsoleto", F12<=20,"Crítico", F12>=100,"Excesso", F12<=100,"OK") -> Excesso | J12: =H12=I12 -> TRUE
A13: 8679B | B13: Hardware | C13: 756.15 | D13: =SUMIFS(Entrada!D:D,Entrada!B:B,A13) -> 277 | E13: =SUMIFS(Saida!D:D,Saida!B:B,A13) -> 241 | F13: =D13-E13 -> 36 | G13: =F13*C13 -> 27221.4 | H13: =IFS(F13=0,"obsoleto",F13<0,"estoque negativo",F13<=20,"crítico",F13<=100,"ok",F13>100,"excesso") -> ok | I13: =IFS(F13<0,"Estoque Negativo", F13=0,"Obsoleto", F13<=20,"Crítico", F13>=100,"Excesso", F13<=100,"OK") -> OK | J13: =H13=I13 -> TRUE
A14: 1797D | B14: Redes | C14: 966.44 | D14: =SUMIFS(Entrada!D:D,Entrada!B:B,A14) -> 222 | E14: =SUMIFS(Saida!D:D,Saida!B:B,A14) -> 261 | F14: =D14-E14 -> -39 | G14: =F14*C14 -> -37691.16 | H14: =IFS(F14=0,"obsoleto",F14<0,"estoque negativo",F14<=20,"crítico",F14<=100,"ok",F14>100,"excesso") -> estoque negativo | I14: =IFS(F14<0,"Estoque Negativo", F14=0,"Obsoleto", F14<=20,"Crítico", F14>=100,"Excesso", F14<=100,"OK") -> Estoque Negativo | J14: =H14=I14 -> TRUE
A15: 7928A | B15: Componentes | C15: 223.56 | D15: =SUMIFS(Entrada!D:D,Entrada!B:B,A15) -> 577 | E15: =SUMIFS(Saida!D:D,Saida!B:B,A15) -> 189 | F15: =D15-E15 -> 388 | G15: =F15*C15 -> 86741.28 | H15: =IFS(F15=0,"obsoleto",F15<0,"estoque negativo",F15<=20,"crítico",F15<=100,"ok",F15>100,"excesso") -> excesso | I15: =IFS(F15<0,"Estoque Negativo", F15=0,"Obsoleto", F15<=20,"Crítico", F15>=100,"Excesso", F15<=100,"OK") -> Excesso | J15: =H15=I15 -> TRUE
A16: 3265C | B16: Componentes | C16: 257.3 | D16: =SUMIFS(Entrada!D:D,Entrada!B:B,A16) -> 284 | E16: =SUMIFS(Saida!D:D,Saida!B:B,A16) -> 127 | F16: =D16-E16 -> 157 | G16: =F16*C16 -> 40396.1 | H16: =IFS(F16=0,"obsoleto",F16<0,"estoque negativo",F16<=20,"crítico",F16<=100,"ok",F16>100,"excesso") -> excesso | I16: =IFS(F16<0,"Estoque Negativo", F16=0,"Obsoleto", F16<=20,"Crítico", F16>=100,"Excesso", F16<=100,"OK") -> Excesso | J16: =H16=I16 -> TRUE
A17: 3608A | B17: Hardware | C17: 381.51 | D17: =SUMIFS(Entrada!D:D,Entrada!B:B,A17) -> 104 | E17: =SUMIFS(Saida!D:D,Saida!B:B,A17) -> 57 | F17: =D17-E17 -> 47 | G17: =F17*C17 -> 17930.97 | H17: =IFS(F17=0,"obsoleto",F17<0,"estoque negativo",F17<=20,"crítico",F17<=100,"ok",F17>100,"excesso") -> ok | I17: =IFS(F17<0,"Estoque Negativo", F17=0,"Obsoleto", F17<=20,"Crítico", F17>=100,"Excesso", F17<=100,"OK") -> OK | J17: =H17=I17 -> TRUE
A18: 2083A | B18: Acessórios | C18: 837.9 | D18: =SUMIFS(Entrada!D:D,Entrada!B:B,A18) -> 336 | E18: =SUMIFS(Saida!D:D,Saida!B:B,A18) -> 188 | F18: =D18-E18 -> 148 | G18: =F18*C18 -> 124009.2 | H18: =IFS(F18=0,"obsoleto",F18<0,"estoque negativo",F18<=20,"crítico",F18<=100,"ok",F18>100,"excesso") -> excesso | I18: =IFS(F18<0,"Estoque Negativo", F18=0,"Obsoleto", F18<=20,"Crítico", F18>=100,"Excesso", F18<=100,"OK") -> Excesso | J18: =H18=I18 -> TRUE
A19: 6321A | B19: Redes | C19: 715.01 | D19: =SUMIFS(Entrada!D:D,Entrada!B:B,A19) -> 207 | E19: =SUMIFS(Saida!D:D,Saida!B:B,A19) -> 217 | F19: =D19-E19 -> -10 | G19: =F19*C19 -> -7150.1 | H19: =IFS(F19=0,"obsoleto",F19<0,"estoque negativo",F19<=20,"crítico",F19<=100,"ok",F19>100,"excesso") -> estoque negativo | I19: =IFS(F19<0,"Estoque Negativo", F19=0,"Obsoleto", F19<=20,"Crítico", F19>=100,"Excesso", F19<=100,"OK") -> Estoque Negativo | J19: =H19=I19 -> TRUE
... A121: 9150D | B121: Hardware | C121: 479.4 | D121: =SUMIFS(Entrada!D:D,Entrada!B:B,A121) -> 414 | E121: =SUMIFS(Saida!D:D,Saida!B:B,A121) -> 66 | F121: =D121-E121 -> 348 | G121: =F121*C121 -> 166831.2 | H121: =IFS(F121=0,"obsoleto",F121<0,"estoque negativo",F121<=20,"crítico",F121<=100,"ok",F121>100,"excesso") -> excesso | I121: =IFS(F121<0,"Estoque Negativo", F121=0,"Obsoleto", F121<=20,"Crítico", F121>=100,"Excesso", F121<=100,"OK") -> Excesso | J121: =H121=I121 -> TRUE

Sheet Painel
